0.38549823,0.13135572,0.44198695,0.25449526,0.6758054,0.0,0.5593397,0.0035373918,0.0,0.7406024,0.5547901,0.60265887,0.50456965,0.0,0.15324825,0.61967933,0.015340696,0.12633409,0.09420354,0.81523955
0.31270167,0.19650094,0.32001215,0.249416,0.72048795,0.0,0.425277,0.020378131,0.0,0.7297065,0.5035381,0.52238184,0.53315973,0.0,0.24826306,0.60877335,0.01000481,0.10691287,0.10642652,0.66206014
0.3207929,0.16908692,0.33570236,0.24634896,0.7186855,1.0,0.4560071,0.04315739,0.0,0.7858176,0.5922321,0.37286136,0.61892587,0.0,0.2562742,0.5157715,0.009466758,0.09661401,0.080503605,0.79795516
0.31780255,0.17536288,0.3162251,0.25221133,0.69182533,0.0,0.5273938,0.005837077,0.0,0.71713465,0.4854658,0.3659927,0.5319525,0.0,0.33148974,0.5501309,0.04393583,0.1124432,0.14848198,0.87958866
0.3488492,0.19200887,0.22663622,0.24216966,0.8188793,1.0,0.42687193,0.03631341,1.0,0.84825855,0.6860364,0.60133165,0.6386881,0.0,0.38747013,0.6097103,0.014631666,0.08772433,0.098980196,0.750033
0.51366454,0.28109744,0.13363887,0.29874393,0.516191,1.0,0.33440292,0.061246607,1.0,0.3005505,0.326144,0.4657118,0.49312335,0.0,0.18371096,0.7533255,0.07977837,0.16738684,0.08768825,0.4130911
0.52675897,0.22777285,0.86239,0.27350566,0.2702252,0.0,0.45735392,0.06536997,0.0,0.13338485,0.34396598,0.62708104,0.5151833,0.0,0.56386656,0.6596308,0.003305894,0.04049811,0.08225416,0.7438792
0.8696663,0.5311663,0.102563925,0.28404018,0.7710524,0.0,0.3878006,0.28708476,1.0,0.824317,0.7040713,0.6129394,0.6578513,0.0,0.28991392,0.6972523,0.013883305,0.11873324,0.2522952,0.45484287
0.84086055,0.5431135,0.30038807,0.25258306,0.7870316,0.0,0.3328309,0.15067863,1.0,0.79898006,0.4311345,0.6955744,0.66475546,0.0,0.48011655,0.7728769,0.0051907594,0.068958394,0.39629743,0.6969212
0.82882726,0.5590186,0.13075946,0.29590514,0.47318456,0.0,0.39812362,0.0038581868,1.0,0.6141809,0.28493533,0.7540609,0.6049747,0.0,0.29539657,0.75990623,0.007975924,0.10937338,0.20963714,0.5258744
0.4385275,0.31660843,0.12659335,0.22404948,0.9332348,1.0,0.5803655,0.07409801,0.0,0.9421788,0.6369174,0.09198199,0.39335746,1.0,0.17906906,0.13859434,0.99860054,0.30289003,0.043687854,0.6784693
0.58053756,0.32398447,0.14438437,0.22832248,0.92790127,1.0,0.5520615,0.24018236,1.0,0.9356085,0.81156564,0.07032482,0.3817204,1.0,0.14353389,0.17411585,0.999749,0.26738474,0.10865968,0.7046521
0.6417293,0.26644486,0.3974179,0.29937196,0.17480841,0.0,0.38444126,0.0024940844,1.0,0.047563724,0.29957163,0.47221625,0.62180775,0.0,0.46686655,0.7168312,0.0577673,0.06645461,0.11254943,0.7918865
0.33243078,0.21392024,0.1567577,0.2569591,0.8080792,1.0,0.4898622,0.29105297,0.0,0.84775114,0.52279687,0.36485928,0.5635413,0.0,0.37781417,0.54334074,0.060601927,0.13140497,0.115565784,0.7941925
0.38743824,0.21829644,0.1710492,0.24502139,0.79943204,1.0,0.40367946,0.0146718975,1.0,0.8633686,0.5992538,0.31566373,0.5343405,0.0,0.39638993,0.44106972,0.043461673,0.10399372,0.07801184,0.5109992
0.4116848,0.18737204,0.15972452,0.23109044,0.85041106,1.0,0.46937668,0.16745257,1.0,0.8944145,0.46243334,0.41401663,0.5121652,0.0,0.4309373,0.5846777,0.18814433,0.18149088,0.032067712,0.6888107
0.29503363,0.20112835,0.18736802,0.24626759,0.77626985,1.0,0.48791873,0.39412975,0.0,0.9041816,0.4618533,0.3874917,0.52054465,0.0,0.25416648,0.6344319,0.08487828,0.119457126,0.025947684,0.6178646
0.35419428,0.21254249,0.16145697,0.24726705,0.81430936,1.0,0.3485977,0.12117971,1.0,0.8505781,0.49374226,0.41685387,0.5652516,0.0,0.30635908,0.54145133,0.322042,0.15209405,0.056240156,0.64041555
0.3277954,0.23520687,0.120849356,0.24626759,0.8787729,1.0,0.3455592,0.0331332,1.0,0.9002354,0.43387452,0.53332746,0.56095505,0.0,0.29684058,0.47920763,0.017373703,0.124694824,0.07119694,0.7510791
0.25378802,0.46845275,0.06583891,0.33252198,0.0892534,0.0,0.13160352,0.0028053788,1.0,0.04071329,0.1277826,0.2870279,0.51516074,0.0,0.38971132,0.5555002,0.0028359487,0.04790221,0.4586183,0.063528344
0.24220233,0.29844156,0.12497202,0.2839184,0.7360614,1.0,0.5572926,0.06227472,1.0,0.5177948,0.6973669,0.10731519,0.50090533,0.0,0.29952005,0.75592965,0.0033154797,0.03410849,0.2907159,0.34556025
0.28840083,0.2569019,0.49914175,0.24702385,0.2060765,0.0,0.27852625,0.2029296,1.0,0.05796309,0.3507127,0.5059573,0.5139539,0.0,0.4022736,0.69380426,0.0038929658,0.04063609,0.098811075,0.8940319
0.54022706,0.6765737,0.32737786,0.22516948,0.11669394,0.0,0.086000584,0.0008871851,1.0,0.029597495,0.17172894,0.42080888,0.48465213,0.0,0.5871243,0.072955824,0.38361794,0.3570354,0.33224747,0.15507789
0.39097646,0.14781341,0.7233256,0.24623102,0.10661366,1.0,0.57976645,0.002121524,0.0,0.015345516,0.25040525,0.75065225,0.6331813,0.0,0.43561164,0.6945319,0.016629087,0.052853227,0.3476011,0.4316833
0.44763422,0.33239317,0.818884,0.27329594,0.20941874,0.0,0.41610605,0.036536712,1.0,0.0632863,0.55315197,0.36495867,0.45701644,0.0,0.7503428,0.6667716,0.0015193969,0.05575536,0.26127613,0.28711647
0.44852468,0.33066896,0.85272795,0.27842674,0.14779325,0.0,0.3954769,0.01355296,1.0,0.053316657,0.48355824,0.46281445,0.49488577,0.0,0.6932839,0.58176976,0.00663259,0.18472153,0.39733288,0.3325616
0.36521763,0.26033166,0.56422734,0.29089934,0.07370317,0.0,0.4206227,0.084802456,1.0,0.019666418,0.28334433,0.56061465,0.59190553,0.0,0.55845356,0.50803524,0.00022365464,0.082105294,0.08730955,0.23966247
0.70081466,0.40114272,0.10638141,0.27849427,0.4313074,0.0,0.2723142,0.25707018,1.0,0.60546625,0.72409654,0.737821,0.51517755,0.0,0.4075308,0.7339456,0.113400474,0.07531966,0.05552763,0.730656
0.7285564,0.3235184,0.19311512,0.24208602,0.33618575,0.0,0.2308787,0.053995695,1.0,0.33477286,0.59700024,0.8448161,0.5050254,0.0,0.47671342,0.6506709,0.01615836,0.126795,0.04398691,0.6895699
0.72526175,0.42238918,0.21493639,0.22844978,0.29595786,1.0,0.18598594,0.08205879,0.0,0.33181763,0.7244038,0.6789169,0.48627684,0.0,0.5379233,0.786109,0.0858155,0.10736427,0.071328476,0.6818362
0.66066605,0.39765668,0.14868653,0.22976764,0.3315169,0.0,0.2309972,0.2024253,0.0,0.3208099,0.7097241,0.61758673,0.50540227,0.0,0.52108335,0.7782232,0.35791412,0.18901573,0.10547031,0.8065457
0.6287962,0.2678966,0.21177514,0.2310075,0.24813257,0.0,0.23671442,0.4075732,0.0,0.18859062,0.695418,0.7152974,0.5550032,0.0,0.7065764,0.77006215,0.11459611,0.056280762,0.034473468,0.7516686
0.7040225,0.24567045,0.20307977,0.22389431,0.49064025,1.0,0.32259783,0.5549976,1.0,0.51448137,0.7363076,0.7768213,0.53298795,0.0,0.5176414,0.85828006,0.059703253,0.036098488,0.081623316,0.7823497
0.6009225,0.5447959,0.26262683,0.25297388,0.48277384,1.0,0.35111803,0.81444836,1.0,0.47381058,0.60002536,0.88655883,0.5001285,0.0,0.40649712,0.79549503,0.02439384,0.051101126,0.07976523,0.75063914
0.7368442,0.6981409,0.34139386,0.4635554,0.25210002,0.0,0.20541488,0.55196375,0.0,0.5983426,0.4909455,0.8587911,0.49710283,0.0,0.43408602,0.549477,0.27198955,0.1841084,0.065596186,0.22990055
0.7835398,0.72118306,0.23915169,0.36798653,0.32023373,0.0,0.23163956,0.19087273,1.0,0.4526212,0.5560788,0.80814135,0.47163808,0.0,0.32921994,0.5205981,0.1334976,0.16564159,0.07678581,0.19299585
0.764856,0.7378551,0.265879,0.2664563,0.69864655,1.0,0.33408183,0.76215297,1.0,0.8033438,0.72825074,0.6900194,0.53589207,0.0,0.41484454,0.50579345,0.03863802,0.12538466,0.022321232,0.42615548
0.8267509,0.6390884,0.17853111,0.26048237,0.60798216,1.0,0.22481215,0.92410403,1.0,0.7608958,0.63441604,0.65646625,0.54420674,0.0,0.47896564,0.59162575,0.30383772,0.3152297,0.048880156,0.39148927
0.8191359,0.8070942,0.12537268,0.25738594,0.39564407,1.0,0.27061006,0.9843821,1.0,0.6644415,0.7160562,0.9263707,0.5839684,0.0,0.5549872,0.6426185,0.37363854,0.116650164,0.042579528,0.16629928
0.7458591,0.581702,0.13801272,0.2632768,0.5359671,1.0,0.26805794,0.8936547,1.0,0.7399072,0.6519531,0.8827783,0.51696914,0.0,0.48344395,0.5368846,0.0884911,0.094093494,0.013686394,0.3326284
0.7124404,0.60891354,0.14693554,0.2304617,0.2640373,1.0,0.29660916,0.119838804,1.0,0.3822728,0.6707525,0.879354,0.4769646,0.0,0.5173302,0.74627656,0.51507634,0.17143312,0.04131143,0.34812558
0.71835184,0.3838479,0.16638866,0.26393175,0.43920094,0.0,0.2829146,0.9194198,1.0,0.7274182,0.6239197,0.935929,0.5393358,0.0,0.41833997,0.7284722,0.004649431,0.07635607,0.109959975,0.10076328
0.64876854,0.33768818,0.36491585,0.2473066,0.47001886,0.0,0.32380167,0.6184773,1.0,0.50073117,0.5639523,0.86986864,0.58253014,0.0,0.42259306,0.77420866,0.0061325156,0.052233934,0.048872326,0.735819
0.62878865,0.3316837,0.22815481,0.24844888,0.63497376,0.0,0.3497003,0.9787627,1.0,0.8166723,0.53919566,0.75656444,0.59990865,0.0,0.41529348,0.6806584,0.0020706258,0.07796975,0.017474433,0.65337026
0.6498215,0.1538345,0.24301417,0.2256475,0.3693455,0.0,0.32888,0.64301217,1.0,0.3657412,0.64826864,0.88470393,0.5725024,0.0,0.5844085,0.8392307,0.04004837,0.11283559,0.10909296,0.81286025
0.6020202,0.43589005,0.20172061,0.23627709,0.7248545,1.0,0.40011767,0.96952796,1.0,0.9090911,0.6746054,0.63564575,0.557285,0.0,0.3983815,0.8345613,0.17069896,0.057918373,0.05778886,0.27510956
0.64947426,0.27758878,0.30406165,0.23601608,0.49100596,0.0,0.5775289,0.85730934,1.0,0.60042804,0.6446685,0.6007247,0.5469651,0.0,0.52983207,0.79063106,0.23613518,0.08405818,0.116532646,0.65012383
0.5462664,0.37621024,0.49129024,0.22677743,0.6636664,1.0,0.65661263,0.91494226,1.0,0.80884784,0.7012836,0.7922967,0.58246255,0.0,0.48306292,0.79535925,0.7055159,0.0685552,0.20085211,0.75438845
0.7723327,0.41608095,0.13918985,0.23353498,0.7060611,1.0,0.57799405,0.44058916,1.0,0.8388532,0.6954171,0.6454638,0.55841476,0.0,0.40896013,0.535585,0.27263618,0.066420086,0.18415597,0.58598626
0.59907115,0.31965718,0.060518514,0.26514778,0.8989299,1.0,0.44177824,0.9074286,1.0,0.9489415,0.6363008,0.29477692,0.4998278,1.0,0.15143123,0.20402451,0.98979414,0.11472223,0.11078584,0.754941
0.45582864,0.23879705,0.20257618,0.24124101,0.89073366,1.0,0.5917524,0.8458878,1.0,0.9343229,0.7965604,0.3219506,0.40067184,0.0,0.23292421,0.55201375,0.89975274,0.14076215,0.12404608,0.7247002
0.4944947,0.3606835,0.19603689,0.23375396,0.9341557,1.0,0.5621767,0.9564499,0.0,0.9424977,0.77845615,0.42584816,0.45277664,1.0,0.25896367,0.28508428,0.99180835,0.085907474,0.033035148,0.33768556
0.56452405,0.3931628,0.10680815,0.24605565,0.9301737,1.0,0.40006372,0.13776778,1.0,0.96255565,0.5999856,0.12661783,0.33336884,1.0,0.18425159,0.04883816,0.99978215,0.14061706,0.10638588,0.6869477
0.5720548,0.24401276,0.17156494,0.2619996,0.5261366,0.0,0.46003714,0.015505649,1.0,0.67895836,0.5548877,0.50235087,0.5526646,0.0,0.46579954,0.7238347,0.3030196,0.12860145,0.5527615,0.32489884
0.4107482,0.44148606,0.47014663,0.2691983,0.6779513,0.0,0.6618904,0.15778087,1.0,0.7680026,0.67675614,0.8473514,0.5367415,0.0,0.68117845,0.8341123,0.16721034,0.17816418,0.30640724,0.2688076
0.5875581,0.17179266,0.2713843,0.25680807,0.7266018,0.0,0.39100474,0.24784422,1.0,0.8007209,0.640376,0.47024676,0.60091686,0.0,0.51077574,0.8228497,0.30340505,0.40914384,0.32951084,0.32185155
0.48708737,0.20397642,0.3040221,0.2376394,0.47695714,0.0,0.46975997,0.0016984756,1.0,0.5921172,0.38923395,0.694611,0.5245211,0.0,0.581126,0.6365491,0.17992026,0.07937791,0.11747516,0.43657014
0.5422275,0.2195682,0.24113233,0.27429393,0.7915596,0.0,0.3543668,0.09154892,1.0,0.7333703,0.6266405,0.5513102,0.60901487,0.0,0.3178538,0.72479403,0.16234647,0.15590568,0.16995567,0.27997246
0.3597193,0.2771328,0.15508221,0.23649447,0.8403257,0.0,0.40334725,0.7596152,1.0,0.9279058,0.70423824,0.31168813,0.45854607,0.0,0.32860172,0.63257897,0.9912572,0.33422542,0.40986297,0.431192
0.44878256,0.2841749,0.13841312,0.2671068,0.88185227,0.0,0.476795,0.99683243,0.0,0.9305135,0.6068493,0.59726036,0.40008956,1.0,0.24231248,0.53066033,0.96330595,0.20493689,0.088160716,0.26281258
0.41357267,0.19310711,0.14792334,0.24255389,0.85230905,0.0,0.5293804,0.6648162,0.0,0.87028956,0.6729074,0.72140247,0.61731935,0.0,0.34783024,0.76729786,0.16287433,0.08749841,0.16628502,0.27498308
0.38764563,0.21411055,0.18563278,0.28780562,0.90278095,1.0,0.5513705,0.41314033,1.0,0.9383616,0.74699664,0.63794965,0.6245591,0.0,0.28866425,0.84112036,0.013839802,0.11100883,0.0766587,0.7384161
0.31225047,0.21267305,0.123852685,0.26759273,0.7131484,0.0,0.45803425,0.13820277,1.0,0.74686843,0.5677447,0.882108,0.50646293,0.0,0.46515968,0.76230663,0.95804507,0.08432495,0.20281765,0.3710623
0.27440912,0.37669817,0.43914324,0.31379753,0.52020705,0.0,0.45130262,0.54683137,0.0,0.49531966,0.39145076,0.115448676,0.4804014,0.0,0.26139095,0.55117047,0.0016847108,0.15282463,0.10363221,0.37893718
0.52709645,0.3600574,0.6754089,0.28010267,0.90606207,0.0,0.54465,0.36913013,1.0,0.96332186,0.7785919,0.3685236,0.25838706,1.0,0.10860415,0.33779737,0.9898329,0.10678161,0.048114643,0.760185
0.6578626,0.4604905,0.16557638,0.41934457,0.15163122,1.0,0.17633428,0.033537544,0.0,0.19436921,0.45089298,0.7275934,0.45017496,0.0,0.69394517,0.0789684,0.94759077,0.48483962,0.13955344,0.22409806
0.7927172,0.55224514,0.18807517,0.25402424,0.88982904,0.0,0.4485866,0.9447365,1.0,0.9484869,0.72573715,0.83319104,0.7117095,0.0,0.24620812,0.8317901,0.00577496,0.11599766,0.1788509,0.25357178
0.79404414,0.32230693,0.23704079,0.25372836,0.8590275,0.0,0.47053248,0.903715,0.0,0.9398636,0.6479231,0.8817618,0.67963785,0.0,0.4064827,0.74377316,0.03023682,0.09787186,0.28458828,0.6123368
0.73991024,0.3778736,0.20039149,0.2585619,0.806371,0.0,0.40357855,0.08936576,0.0,0.839085,0.61437494,0.64635265,0.6374316,0.0,0.252299,0.83200705,0.0096195415,0.18696477,0.13327804,0.41676286
0.7086742,0.34546342,0.171766,0.24023186,0.798653,0.0,0.42686945,0.27378073,1.0,0.82598096,0.57256454,0.69850403,0.6756707,0.0,0.5148279,0.84268016,0.03681477,0.15032285,0.09215418,0.5768007
0.6323909,0.31030926,0.14519922,0.24920163,0.7509833,0.0,0.4248581,0.4938363,0.0,0.8135659,0.55699235,0.6441693,0.580981,0.0,0.2374483,0.8162488,0.009535961,0.16914095,0.16660565,0.43044224
0.6577081,0.36442384,0.20089749,0.24801555,0.75213623,0.0,0.3572706,0.06614166,1.0,0.8494258,0.56033534,0.7041861,0.5977922,0.0,0.41198412,0.83926433,0.07491452,0.114945404,0.13491039,0.6221591
0.4445959,0.35344213,0.21025018,0.24170746,0.8153451,0.0,0.5311374,0.92839193,0.0,0.842152,0.64667404,0.75965005,0.57082736,0.0,0.21845101,0.8417622,0.13285862,0.13251193,0.09497853,0.626513
0.4456859,0.15458328,0.37407294,0.24381812,0.73462147,0.0,0.5203347,0.685704,1.0,0.80099916,0.5557138,0.75318325,0.68158484,0.0,0.42160812,0.78796077,0.27432913,0.118278496,0.37571427,0.52456176
0.75732386,0.55725527,0.17403147,0.2458278,0.81186646,0.0,0.6137352,0.73475975,1.0,0.9273937,0.60032046,0.8056314,0.6498756,0.0,0.41318125,0.8294009,0.026921496,0.07801884,0.20806298,0.1912145
0.80514216,0.4453608,0.27233705,0.28325644,0.7514336,0.0,0.58153707,0.4500331,1.0,0.858434,0.6260942,0.7406546,0.60263395,0.0,0.553999,0.7832696,0.0048125405,0.08819488,0.16515444,0.16744222
0.73730654,0.48233232,0.276486,0.2698605,0.82306826,0.0,0.57808286,0.55986595,1.0,0.90153456,0.64318395,0.8390712,0.5717914,0.0,0.43681076,0.81744057,0.0146019,0.1368148,0.099856876,0.20440078
0.75491,0.46329612,0.3512545,0.31436932,0.08255523,0.0,0.12025925,0.00330085,1.0,0.029235266,0.4161053,0.6824266,0.6509435,0.0,0.7788369,0.8254051,0.008548553,0.1050262,0.17206603,0.08941718
0.81696546,0.29537106,0.25008777,0.24114132,0.11615263,0.0,0.1987964,0.0010446203,0.0,0.03494631,0.3873148,0.8505023,0.7069415,0.0,0.5751542,0.8022091,0.07999611,0.05676564,0.096203655,0.110989265
0.7289643,0.27136433,0.3030222,0.27624616,0.80020237,0.0,0.4606157,0.033905316,1.0,0.61668867,0.49577487,0.32339638,0.62711895,0.0,0.28726113,0.7237885,0.046604596,0.11229977,0.56880665,0.62623847
0.52636576,0.21521246,0.26820132,0.28187558,0.22758058,0.0,0.26882786,0.013481992,0.0,0.07294192,0.34877613,0.57618535,0.48537993,0.0,0.755534,0.7854054,0.017390652,0.044177,0.089173704,0.14321437
0.34456232,0.24084602,0.2088833,0.26072592,0.6032401,0.0,0.24872781,0.002036862,1.0,0.42321324,0.47085667,0.21518484,0.583144,0.0,0.20479333,0.5691994,0.05072102,0.13723639,0.030995514,0.40430635
0.48287767,0.3225425,0.23121475,0.2559816,0.5966364,1.0,0.21919109,0.0030937705,1.0,0.42218593,0.43697268,0.21454921,0.46696427,0.0,0.2969682,0.5889021,0.08291852,0.084341906,0.030298855,0.40723982
0.37971482,0.24416012,0.2547579,0.23455049,0.57161486,1.0,0.24068484,0.014028199,0.0,0.47263128,0.3926246,0.54999036,0.45484498,0.0,0.21713525,0.6021048,0.26745787,0.08391494,0.05790504,0.6318767
0.38077345,0.2957918,0.41044226,0.23677376,0.65041965,0.0,0.37094682,0.011499387,1.0,0.51146275,0.5863086,0.48160702,0.45216522,0.0,0.16371916,0.5484635,0.40082276,0.11350381,0.075766355,0.6270853
0.2699036,0.15669978,0.21939784,0.26151568,0.6501431,1.0,0.28312162,0.0019503578,1.0,0.52497655,0.42834836,0.24263337,0.49546763,0.0,0.2847206,0.5922657,0.054584175,0.059219405,0.15588032,0.4445484
0.5257794,0.35861465,0.49308762,0.2548626,0.5919319,0.0,0.48631248,0.005170497,1.0,0.5795815,0.5870192,0.26841265,0.595116,0.0,0.5276411,0.47991088,0.25591287,0.05442334,0.2670532,0.284374
0.3620708,0.25792053,0.6899903,0.32844588,0.5738256,0.0,0.676661,0.80955875,1.0,0.5475957,0.47288343,0.23497422,0.5452449,0.0,0.3715,0.3720839,0.41499016,0.13773169,0.11444565,0.3380845
0.6069236,0.44048107,0.23570651,0.35531902,0.53186136,0.0,0.630238,0.18164164,1.0,0.5674773,0.3462263,0.2972831,0.63971055,0.0,0.3777246,0.48690197,0.75570464,0.098931156,0.19390152,0.41814747
0.51261735,0.27053145,0.7770715,0.26905406,0.5617727,1.0,0.51140755,0.35569552,0.0,0.35718137,0.23032916,0.062833935,0.27048254,1.0,0.26371506,0.022899937,0.9999143,0.90071845,0.017537026,0.7030112
0.6372362,0.27028754,0.5174408,0.2473275,0.8289303,1.0,0.5505516,0.99887866,1.0,0.87503946,0.25122502,0.58067936,0.31656903,1.0,0.60221416,0.061061304,0.9949615,0.8062796,0.029989766,0.5986235
