0.86583424,0.61423606,0.19579782,0.28979844,0.12849844,0.0,0.1562968,0.0029668827,0.0,0.05963063,0.107897595,0.452406,0.4664122,0.0,0.29456988,0.56416017,0.20338011,0.09706197,0.031275548,0.23916847
0.7184841,0.5314622,0.17361893,0.25889218,0.16058744,1.0,0.2946795,0.020353654,0.0,0.07864677,0.13258913,0.49334863,0.5344854,0.0,0.3059136,0.71367747,0.1287618,0.110400744,0.032481294,0.3647577
0.7318064,0.4781038,0.41556078,0.2284146,0.15265475,0.0,0.25398505,0.0030699435,0.0,0.04505702,0.09836721,0.31402126,0.46464798,0.0,0.2763576,0.7567678,0.26997018,0.11445959,0.05792221,0.3145749
0.6767632,0.3554193,0.39624077,0.2303959,0.16703792,0.0,0.2541696,0.03352353,0.0,0.05427695,0.16324683,0.43920553,0.54656744,0.0,0.31291208,0.70492643,0.05861632,0.070691034,0.06848719,0.70880044
0.7819288,0.42067057,0.10964222,0.24970058,0.1569173,0.0,0.30487177,0.010210602,0.0,0.0507047,0.109156445,0.24995266,0.52267843,0.0,0.3207789,0.5925844,0.29119617,0.109603144,0.011005637,0.76103926
0.7590927,0.6684391,0.13412505,0.23305938,0.14894971,0.0,0.23926091,0.019500745,0.0,0.070341304,0.0808472,0.27656838,0.45713198,0.0,0.16309263,0.5375594,0.20318449,0.08511996,0.06599177,0.31251305
0.66502476,0.08028261,0.367887,0.24172333,0.19822101,1.0,0.5933497,0.03496743,0.0,0.041155513,0.35986808,0.5462253,0.6404251,0.0,0.5293866,0.59366536,0.47188562,0.17754748,0.27690902,0.7742371
0.7515751,0.28540543,0.39826968,0.22815175,0.1884152,1.0,0.42031744,0.11215728,1.0,0.062380616,0.15405203,0.609195,0.52732825,0.0,0.17313382,0.6522362,0.033127725,0.1224881,0.06182979,0.5807256
0.71708006,0.5824367,0.08925315,0.3106371,0.2308724,0.0,0.2012151,0.08578247,1.0,0.22176169,0.260496,0.23254034,0.40691546,0.0,0.07864562,0.55939335,0.0075684576,0.11493992,0.040414978,0.43635717
0.74089634,0.5627431,0.10065904,0.32377306,0.20076494,0.0,0.21957654,0.010867285,1.0,0.17747764,0.24775752,0.3886475,0.43712303,0.0,0.26477858,0.5243177,0.029523766,0.12771161,0.09819308,0.10713298
0.6008138,0.5073987,0.07658976,0.30937093,0.18641973,0.0,0.20192808,0.016583875,1.0,0.19656366,0.2812957,0.3083825,0.41765895,0.0,0.20874222,0.60667723,0.002532448,0.13571486,0.038299013,0.09022757
0.75148636,0.5402049,0.06991878,0.5188427,0.58344656,0.0,0.23193796,0.06711491,0.0,0.67970556,0.52440757,0.21810178,0.6291208,0.0,0.26459226,0.7787574,0.005150291,0.113506354,0.08754479,0.07083035
0.7368606,0.5710477,0.19749644,0.30764493,0.42981833,1.0,0.4386232,0.027426792,0.0,0.566014,0.42252064,0.6633406,0.6560834,0.0,0.42084485,0.72996676,0.21158561,0.116635524,0.23480064,0.25476238
0.7047422,0.23813705,0.42015442,0.27266613,0.118583955,0.0,0.40641937,0.0015848043,1.0,0.036131572,0.19492307,0.7774725,0.68027014,0.0,0.46442646,0.7124813,0.06410841,0.030067306,0.24535781,0.8019373
0.61858577,0.19407132,0.8632603,0.2399191,0.12821744,1.0,0.42191413,0.031251807,1.0,0.018359099,0.30557343,0.6470633,0.5846023,0.0,0.5074174,0.6693615,0.062906854,0.04574021,0.31365976,0.6071158
0.49377435,0.28441,0.10253866,0.2563164,0.55018824,0.0,0.38665128,0.00021589629,1.0,0.54438186,0.43049428,0.20600432,0.53304243,0.0,0.25582376,0.6595505,0.022667825,0.16107698,0.055624053,0.6360022
0.7436294,0.21366547,0.7219204,0.29059336,0.08147428,0.0,0.24122176,0.01674786,1.0,0.02501892,0.29343313,0.47416434,0.5434056,0.0,0.365575,0.56753266,0.00512467,0.041238718,0.47159547,0.3845482
0.47750264,0.3646061,0.36445832,0.3475285,0.1552821,0.0,0.398239,0.14291579,1.0,0.052085996,0.42829263,0.65914416,0.5969954,0.0,0.40679726,0.72354335,0.009750978,0.070573665,0.4303971,0.08165117
0.5082284,0.24071722,0.6380939,0.29942995,0.19566129,0.0,0.39583004,0.07003141,1.0,0.045096386,0.36292645,0.74787164,0.5473393,0.0,0.38373882,0.64836884,0.015813055,0.15691943,0.08834611,0.40371782
0.53378004,0.19484553,0.67959785,0.2777887,0.28124225,0.0,0.45052055,0.005298489,1.0,0.11339217,0.32462633,0.52143705,0.46004644,0.0,0.37226072,0.7251053,0.017079977,0.051957566,0.17026864,0.68458265
0.48794135,0.26075172,0.6232461,0.2547559,0.21469189,0.0,0.46515024,0.053754475,1.0,0.065118864,0.2672496,0.6049649,0.5428136,0.0,0.2869006,0.6938055,0.15433744,0.041541446,0.12776884,0.72753865
0.7075475,0.32934582,0.4692594,0.33209842,0.22114664,0.0,0.36549717,0.010513826,1.0,0.080196455,0.37649053,0.1419545,0.5436641,0.0,0.4364452,0.65545696,0.045733344,0.14297383,0.25423402,0.4378206
0.3649386,0.09360208,0.8069661,0.25320938,0.102318965,0.0,0.37312543,0.025036074,0.0,0.025020216,0.33886766,0.6528326,0.57149494,0.0,0.4532992,0.68497324,0.0047985474,0.03781033,0.061450135,0.7346828
0.8819761,0.71469605,0.49326608,0.3072933,0.23599164,0.0,0.41093585,0.084709264,1.0,0.0700324,0.09341443,0.33859757,0.57967323,0.0,0.23668744,0.4249953,0.067772485,0.09458492,0.41348523,0.793362
0.64769673,0.2268052,0.27078706,0.24952509,0.5781399,0.0,0.37575912,0.011019088,1.0,0.4465671,0.49919426,0.5001863,0.5912591,0.0,0.43612418,0.75547457,0.0046036816,0.09125958,0.33909017,0.40857685
0.561416,0.2556258,0.3362766,0.28020033,0.4793439,0.0,0.51561046,0.0016251868,1.0,0.40224835,0.37918055,0.5182012,0.5909636,0.0,0.4611951,0.76813656,0.012169511,0.09169755,0.19884573,0.66643804
0.49291077,0.296347,0.12828639,0.31964245,0.3505875,0.0,0.22874,0.021901172,1.0,0.27711025,0.30499375,0.22232527,0.49671158,0.0,0.26239583,0.6104837,0.01729216,0.08871944,0.037358332,0.17627667
0.27386355,0.22309053,0.1866977,0.25143424,0.73891646,0.0,0.30298036,0.5804988,1.0,0.7141833,0.3642062,0.72465473,0.5799478,0.0,0.21014044,0.6854299,0.48032275,0.14407004,0.023245221,0.2865451
0.20723887,0.19018844,0.8080201,0.27459383,0.14216411,1.0,0.36524004,0.012449917,0.0,0.050168306,0.13520865,0.36594817,0.5157875,0.0,0.4829923,0.56797713,0.011142427,0.069556005,0.38369972,0.853165
0.273826,0.18937282,0.2472523,0.24847607,0.71612453,1.0,0.5879636,0.3187005,0.0,0.6619439,0.67750293,0.26391453,0.54663724,0.0,0.27582374,0.6804896,0.19329762,0.09976063,0.13943435,0.8188396
0.3071705,0.10474815,0.86927295,0.27340204,0.17850609,1.0,0.8161757,0.34061533,0.0,0.04052226,0.25328475,0.6062473,0.46651417,0.0,0.43139026,0.5333049,0.41167,0.2994006,0.056601405,0.90608466
0.27518064,0.12664202,0.7921346,0.26316458,0.31296754,0.0,0.75994945,0.017438864,1.0,0.10459782,0.3469819,0.5134542,0.52502775,0.0,0.4836797,0.6465691,0.23370323,0.047814757,0.3290354,0.76879686
0.3827505,0.16087432,0.7888865,0.2335818,0.109005906,1.0,0.40578586,0.24946809,1.0,0.06797553,0.23623799,0.41477612,0.6221631,0.0,0.30240458,0.44501886,0.008017927,0.032681063,0.06762543,0.44712025
0.72601634,0.24186529,0.7055668,0.25413987,0.116366036,0.0,0.4273553,0.004350087,0.0,0.02321118,0.2620968,0.6172639,0.6514179,0.0,0.46055958,0.57267755,0.21691425,0.077707775,0.30821145,0.8730605
0.77323484,0.23135011,0.5622002,0.23527649,0.12504546,1.0,0.3545526,0.08391302,0.0,0.025190672,0.1885706,0.44463366,0.66416055,0.0,0.55538845,0.59261245,0.028549554,0.06234241,0.2641922,0.8647775
0.81793755,0.3201304,0.5340929,0.2587913,0.1730568,0.0,0.43519354,0.008545134,1.0,0.08518115,0.2153294,0.63386494,0.6006727,0.0,0.34175178,0.6294683,0.22753185,0.049030676,0.07049697,0.48148063
0.85146064,0.30672887,0.72954744,0.2394858,0.23016858,0.0,0.41671816,0.12425927,1.0,0.056742795,0.31660786,0.47490942,0.5620641,0.0,0.32277668,0.6366346,0.06980791,0.06195532,0.25118986,0.85016966
0.83153844,0.28134423,0.78337985,0.23641028,0.17180161,0.0,0.53178495,0.06660654,1.0,0.04369033,0.34107387,0.3647051,0.50462097,0.0,0.43419117,0.65239364,0.10765528,0.06522243,0.08864511,0.8416752
0.7662937,0.21431172,0.76118946,0.25039738,0.16457991,0.0,0.49657995,0.0061853207,0.0,0.06264092,0.22675051,0.58591557,0.5429153,0.0,0.36371973,0.5884579,0.02946444,0.069684684,0.069423296,0.8414083
0.6912239,0.114151,0.7901579,0.2610351,0.15050596,0.0,0.4618798,0.003876022,0.0,0.04178667,0.2257239,0.62322795,0.571587,0.0,0.34528136,0.6394218,0.28849778,0.07235144,0.12445517,0.76360005
0.7355553,0.13716274,0.76094687,0.2356841,0.15567274,0.0,0.4447754,0.0011603207,1.0,0.026232144,0.22210948,0.47921804,0.5625434,0.0,0.26702765,0.52898175,0.019398589,0.040611155,0.19402017,0.88968635
0.66591555,0.10985245,0.7829862,0.23898062,0.17287186,0.0,0.52995485,0.01623146,0.0,0.03826469,0.11081924,0.5313797,0.5196774,0.0,0.35652107,0.60349214,0.04911168,0.04951818,0.16240367,0.8933528
0.8392305,0.42026547,0.38060102,0.243578,0.13147038,1.0,0.22138175,0.0002716354,1.0,0.056133293,0.06020031,0.61637765,0.47213894,0.0,0.28148225,0.5794791,0.02784649,0.09301717,0.16055083,0.9289469
0.68886787,0.34627205,0.46832168,0.24014127,0.34280965,1.0,0.4589659,0.15434548,1.0,0.20356129,0.46560946,0.5493721,0.55846506,0.0,0.5672967,0.7436996,0.55906266,0.12863167,0.05927883,0.6151445
0.7632769,0.28091446,0.44816098,0.24831682,0.3853638,0.0,0.42305696,0.032571696,1.0,0.640298,0.58224934,0.7702661,0.5664156,0.0,0.41508102,0.64073366,0.11596092,0.1159515,0.04420121,0.6947348
0.77850485,0.22613892,0.413752,0.23808806,0.47919405,1.0,0.43978682,0.5984837,1.0,0.46445575,0.5273695,0.53802615,0.5838636,0.0,0.26182237,0.641538,0.3027746,0.07423001,0.09206676,0.84548783
0.7456157,0.36584967,0.46028078,0.26591122,0.5512961,0.0,0.44182077,0.63729036,1.0,0.3653237,0.4200757,0.398837,0.57858473,0.0,0.2412626,0.602504,0.010264362,0.12194111,0.16353218,0.6735043
0.7491712,0.2345209,0.5542058,0.24149583,0.64747584,0.0,0.6814395,0.570862,1.0,0.8361997,0.43152776,0.6312908,0.58340573,0.0,0.3138396,0.62195826,0.014211318,0.080458134,0.13177647,0.6760782
0.75861645,0.21910581,0.5145625,0.2649296,0.6581298,0.0,0.42429125,0.28892708,1.0,0.54775625,0.4185627,0.36448103,0.49341676,0.0,0.2932193,0.5479042,0.011482152,0.049905173,0.1390965,0.8302423
0.8908434,0.6266137,0.48361176,0.2454232,0.29505438,0.0,0.45897445,0.13931519,0.0,0.23789363,0.2755408,0.5440494,0.6470736,0.0,0.2603816,0.6181499,0.005721459,0.04065981,0.014229595,0.7679234
0.57806444,0.41210413,0.7007575,0.2769309,0.35858822,0.0,0.4012112,0.28760323,1.0,0.22500747,0.47294357,0.6014314,0.5798926,0.0,0.5367958,0.696135,0.030582035,0.20782837,0.32246417,0.4476024
0.59282863,0.32746837,0.5237098,0.25697312,0.48198712,0.0,0.43151134,0.5393289,1.0,0.45855325,0.34616047,0.18412578,0.5219948,0.0,0.40138432,0.5424319,0.0062706424,0.053795032,0.14562032,0.56962496
0.5955857,0.38665476,0.5071057,0.24971333,0.4271816,0.0,0.46393874,0.5608693,0.0,0.2757237,0.386558,0.5808155,0.6233129,0.0,0.53534234,0.620341,0.010955728,0.06855547,0.20575336,0.48546034
0.49938884,0.37874898,0.48658836,0.28299448,0.2945716,0.0,0.56236774,0.041494578,1.0,0.08611537,0.44864097,0.8825182,0.50910634,0.0,0.5488975,0.7509187,0.0053723925,0.065642655,0.19508171,0.6727519
0.71868783,0.4139611,0.22238585,0.27735215,0.19616869,0.0,0.49089924,0.29007897,0.0,0.13569608,0.3871387,0.88771516,0.55096996,0.0,0.56010556,0.7246193,0.0031656465,0.079661876,0.14697611,0.22364621
0.6605164,0.19226201,0.34419703,0.23609263,0.17556538,0.0,0.46734744,0.1205339,1.0,0.076804735,0.4452544,0.72668403,0.5553704,0.0,0.52635056,0.65656775,0.009545653,0.08115442,0.10108106,0.33255485
0.49147215,0.25888863,0.57292235,0.2422227,0.3027758,0.0,0.57424426,0.27502605,1.0,0.11926978,0.47337162,0.9308624,0.6088213,0.0,0.5420102,0.7539361,0.013273219,0.032961573,0.18951482,0.7458411
0.47952133,0.2570269,0.28576398,0.23755382,0.26852974,0.0,0.4070326,0.3007885,1.0,0.13002448,0.53155786,0.82480735,0.59818196,0.0,0.53653455,0.78684145,0.015236512,0.055857733,0.09707725,0.2724416
0.67242074,0.278699,0.76876354,0.3108451,0.2122697,0.0,0.45906094,0.38663623,1.0,0.0765944,0.44923127,0.88774663,0.56462604,0.0,0.51621395,0.74955875,0.1650287,0.114583164,0.15218575,0.24386653
0.78082883,0.44583848,0.48672986,0.33831346,0.16849032,0.0,0.3755516,0.006047952,1.0,0.14933461,0.1837856,0.19469862,0.6670649,0.0,0.35384312,0.7466779,0.054320097,0.111480236,0.08030975,0.09006155
0.9012661,0.72739595,0.2460407,0.3068407,0.11552217,0.0,0.24690561,0.0003586713,1.0,0.04876997,0.18998525,0.34160239,0.64081717,0.0,0.39960077,0.82120216,0.0007694195,0.043089915,0.22937131,0.13487206
0.5526425,0.1950734,0.40012452,0.25051528,0.35118446,0.0,0.5355929,0.005612942,1.0,0.12018923,0.22897242,0.69659543,0.65589094,0.0,0.40143174,0.69523454,0.023490539,0.103191264,0.3447196,0.6934103
0.6514076,0.16538431,0.74690884,0.25626972,0.24982214,0.0,0.5201728,0.008794787,1.0,0.090651706,0.21075155,0.6517217,0.63098294,0.0,0.3729115,0.7051587,0.10519851,0.0934702,0.07954358,0.7978449
0.5436611,0.42006654,0.5541884,0.29482868,0.28678343,0.0,0.3548871,0.7578825,1.0,0.20365913,0.37016925,0.76244336,0.57694125,0.0,0.31523323,0.61182964,0.050691377,0.022054318,0.32833466,0.083323
0.5173183,0.23791644,0.53897655,0.2598439,0.8094491,0.0,0.5669817,0.14136092,0.0,0.85798764,0.5158155,0.38057256,0.59706086,0.0,0.382999,0.64676493,0.18608324,0.093411475,0.29298404,0.22753516
0.781326,0.7123127,0.34119958,0.43308398,0.13553113,0.0,0.18378505,0.013961394,1.0,0.12784423,0.4703324,0.6866945,0.56561655,0.0,0.58221984,0.8512043,0.10593815,0.089626305,0.30403593,0.07182429
0.60942036,0.23954803,0.5414379,0.2878,0.5110042,0.0,0.6163833,0.13015354,0.0,0.38323623,0.48252365,0.34986597,0.6763792,0.0,0.4776487,0.8012319,0.0018962838,0.2125548,0.35560843,0.22509077
0.5115083,0.33216572,0.7007586,0.27778986,0.6177574,0.0,0.60689026,0.08863455,1.0,0.6259633,0.5287438,0.4047847,0.650714,0.0,0.4464635,0.75987524,0.006929769,0.18781604,0.38699004,0.32760453
0.64609766,0.36936867,0.63426983,0.24612522,0.56281227,1.0,0.49565184,0.1461636,1.0,0.78128946,0.58090836,0.84223115,0.55474895,0.0,0.32256064,0.8284808,0.023592746,0.07462022,0.15850788,0.6808184
0.7083054,0.32611266,0.67962277,0.24214469,0.71182686,1.0,0.5102789,0.5400418,1.0,0.74975634,0.63754076,0.902772,0.53176427,0.0,0.290622,0.83767974,0.0030839252,0.055063836,0.2826528,0.6788962
0.61189127,0.3093108,0.541364,0.2516385,0.57395405,1.0,0.5143021,0.49134302,1.0,0.5131611,0.64165694,0.76699924,0.6165683,0.0,0.3082931,0.756144,0.016934859,0.05847924,0.22895677,0.6378057
0.7353426,0.31062564,0.38535416,0.2511185,0.61803895,1.0,0.46608624,0.12472891,1.0,0.6831031,0.61960196,0.5538319,0.6081672,0.0,0.3431555,0.77470684,0.0035187674,0.10547689,0.38409132,0.39444822
0.76167756,0.2551476,0.47969222,0.24624015,0.7144113,1.0,0.4784644,0.9259349,1.0,0.80238366,0.6373775,0.7805506,0.5514712,0.0,0.3077262,0.6926332,0.0010945753,0.07438722,0.23279555,0.43644884
0.6653618,0.56142664,0.2282429,0.34896356,0.57367074,0.0,0.36785334,0.11089478,1.0,0.58387816,0.4052019,0.75227195,0.5685009,0.0,0.34334326,0.6091097,0.16180424,0.23195682,0.016224435,0.41987345
0.3779303,0.28685015,0.84594643,0.30389145,0.47481677,0.0,0.5589935,0.30246386,1.0,0.40810946,0.37381727,0.6831999,0.52432495,0.0,0.60993564,0.5273529,0.1782766,0.051288426,0.45831805,0.20859504
0.65367717,0.3621563,0.60741186,0.28481045,0.28486413,0.0,0.6701866,0.09419131,1.0,0.18587735,0.61010677,0.81927305,0.55808985,0.0,0.563239,0.81503654,0.04708902,0.12284722,0.3583432,0.60047674
0.6158066,0.32709432,0.8483693,0.2723284,0.33636886,0.0,0.57904685,0.2961804,1.0,0.54191613,0.55935127,0.5851657,0.51040995,0.0,0.43085274,0.79865825,0.013037824,0.031195126,0.25314528,0.44865805
0.6009398,0.5241767,0.49488375,0.27453664,0.4300863,0.0,0.6223355,0.1866748,1.0,0.5537382,0.5844901,0.7108281,0.5971222,0.0,0.4155574,0.83462584,0.011276494,0.02931766,0.11062801,0.68504894
0.55732304,0.30379012,0.70162714,0.25325927,0.44681165,0.0,0.650716,0.13095947,1.0,0.36278948,0.6482554,0.85468763,0.6141143,0.0,0.487784,0.86481804,0.05694158,0.07657149,0.14212044,0.74966145
0.49501994,0.18766162,0.6583402,0.27118996,0.5061226,0.0,0.6249819,0.2477237,1.0,0.5010873,0.48062688,0.81067276,0.49163702,0.0,0.51069486,0.7564512,0.01748766,0.04218357,0.2775835,0.46255755
0.4791601,0.4391945,0.67660254,0.29090932,0.53055674,0.0,0.6253935,0.21086347,1.0,0.73068833,0.7546662,0.80900353,0.5794023,0.0,0.49311313,0.77195096,0.076237574,0.05293313,0.47278953,0.42150316
0.57410866,0.39205918,0.6055321,0.2883153,0.60116404,0.0,0.63738126,0.076518334,1.0,0.5517768,0.5026664,0.5489604,0.5434623,0.0,0.57284117,0.7866349,0.024991844,0.04600048,0.3465533,0.2947889
0.6925237,0.30966663,0.68921715,0.2949769,0.6427595,0.0,0.6267122,0.032762554,1.0,0.5208591,0.49793622,0.68688095,0.5266325,0.0,0.5028962,0.838176,0.004093064,0.06916608,0.80228263,0.45267093
0.61642987,0.40922594,0.48482877,0.24817304,0.698194,1.0,0.73187876,0.13895975,1.0,0.7739785,0.5209341,0.69288653,0.62786394,0.0,0.42282757,0.7187994,0.24054956,0.10523983,0.28220072,0.29779187
0.6006274,0.34310704,0.6036349,0.3059613,0.58942974,0.0,0.6363786,0.06390741,1.0,0.68055147,0.7278667,0.7045834,0.59014374,0.0,0.63947767,0.8132944,0.009155515,0.038759578,0.8539886,0.7826406
0.8497989,0.6001251,0.38098386,0.32303742,0.08383798,0.0,0.25739455,0.018855779,1.0,0.03268719,0.33471447,0.7519312,0.5745138,0.0,0.582631,0.8294581,0.006506963,0.029441586,0.105377376,0.15564099
0.30876648,0.3807294,0.89354897,0.27339783,0.24003047,0.0,0.36373255,0.117619835,1.0,0.05870797,0.569381,0.38987252,0.50128895,0.0,0.5891564,0.6823245,0.009639746,0.041602395,0.22170922,0.7221444
0.62644356,0.37884083,0.86825013,0.2756881,0.25427556,0.0,0.71192235,0.040346093,1.0,0.037053257,0.7311744,0.7028876,0.5754919,0.0,0.7564767,0.7078966,0.0032025974,0.33887455,0.34033597,0.63790363
0.60616076,0.3550982,0.80890673,0.27633008,0.15111905,0.0,0.54273087,0.020519722,1.0,0.026673334,0.509218,0.52681834,0.5591614,0.0,0.59784406,0.77622455,0.012341586,0.054199424,0.24529247,0.5507031
0.55214775,0.34912854,0.47541833,0.2619423,0.4567279,0.0,0.655795,0.049804784,1.0,0.5533919,0.44028303,0.27584073,0.58416903,0.0,0.49518722,0.6967051,0.0095637115,0.09744952,0.70766085,0.81082153
0.7923874,0.5147159,0.2744407,0.28838873,0.38872537,0.0,0.45554185,0.013299919,1.0,0.2605636,0.35661176,0.556329,0.47950774,0.0,0.2910533,0.7229741,0.0036650542,0.042112477,0.3165483,0.06964091
0.6244064,0.1147697,0.75530404,0.22564818,0.31200206,0.0,0.48950842,0.15916507,0.0,0.11480696,0.3870538,0.84836906,0.61240894,0.0,0.35094002,0.7163814,0.980208,0.1874487,0.2877947,0.788783
0.6696191,0.10336871,0.7712286,0.23109871,0.37107837,1.0,0.57642806,0.0213867,0.0,0.121755965,0.3268499,0.6467551,0.5505397,0.0,0.44254267,0.5688298,0.97211254,0.15416385,0.15179105,0.8318849
0.67987394,0.10381562,0.6496557,0.23109871,0.3113415,0.0,0.5163177,0.0046000537,0.0,0.09043002,0.3548842,0.6959558,0.5083833,0.0,0.49460444,0.7195514,0.9746908,0.14633663,0.04804723,0.8570976
0.7586331,0.1652884,0.57531923,0.22820884,0.55154055,0.0,0.627636,0.22713636,1.0,0.36178428,0.4077481,0.71403027,0.5928638,0.0,0.33117202,0.577569,0.8782884,0.2272824,0.03506483,0.82595223
0.7590903,0.09654161,0.6357469,0.22572497,0.38811412,0.0,0.53128034,0.043993212,1.0,0.19575113,0.41647318,0.63375497,0.5887057,0.0,0.36520147,0.59675026,0.9872689,0.20221333,0.09787531,0.8144708
0.72812814,0.56345683,0.30246484,0.38792837,0.5570224,0.0,0.18967879,0.0074065644,0.0,0.52895695,0.59486836,0.39139563,0.65839773,0.0,0.3497447,0.59933627,0.21996722,0.09855996,0.0747364,0.114551745
0.79517883,0.48460793,0.16442022,0.24472754,0.4171144,0.0,0.33246207,0.049094357,0.0,0.28880394,0.352401,0.63556033,0.18735106,1.0,0.28018644,0.0069408864,0.9999734,0.7989639,0.019333284,0.5654623
0.75895756,0.42919502,0.121484675,0.22930805,0.48580164,0.0,0.24000202,0.00052181655,1.0,0.31886637,0.3402048,0.45053637,0.5753146,0.0,0.11303927,0.60031736,0.01859285,0.09969327,0.019061659,0.7878591
0.88889587,0.5867111,0.083739564,0.3096965,0.18048957,0.0,0.19384435,0.021812124,0.0,0.06445214,0.15813725,0.43130723,0.42614853,0.0,0.2595129,0.37922737,0.08610732,0.100706644,0.076044865,0.48324153
0.48686522,0.09787357,0.6760115,0.26230255,0.66074395,0.0,0.5696702,0.0049600913,0.0,0.55216545,0.55483204,0.27445805,0.35682654,0.0,0.2816987,0.554855,0.6288743,0.102923036,0.096761994,0.7717841
