0.71977824,0.5371184,0.23283982,0.3867733,0.92036605,1.0,0.38207,0.35819057,1.0,0.9344534,0.73460394,0.25939333,0.44842556,1.0,0.18269277,0.09258634,0.9985868,0.1507485,0.06412808,0.37554887
0.9058612,0.710929,0.16303955,0.34032533,0.10138297,0.0,0.18501802,0.057083495,0.0,0.042257797,0.14025722,0.4000004,0.5768688,0.0,0.4863896,0.5954208,0.008254167,0.089267746,0.23593435,0.13455164
0.230544,0.29306045,0.5902715,0.2457105,0.1763285,0.0,0.19376048,0.005289439,1.0,0.060822852,0.3485728,0.26789588,0.58167386,0.0,0.6241894,0.7724438,0.037247483,0.0483398,0.2838656,0.75645685
0.2846088,0.17378163,0.49876484,0.24032815,0.2913338,1.0,0.30983216,0.00058682327,1.0,0.080803566,0.24990383,0.65720266,0.5370755,0.0,0.44897753,0.7659675,0.0055043097,0.08436305,0.23179302,0.47187433
0.24450316,0.26939246,0.53243417,0.23144007,0.71247995,1.0,0.53412557,0.0022936566,1.0,0.7052614,0.38632923,0.5228532,0.5654296,0.0,0.36962995,0.45832205,0.9798467,0.099448815,0.07122247,0.90998596
0.25028697,0.32708967,0.6438048,0.28988126,0.19199929,0.0,0.21534908,0.1305383,0.0,0.046055894,0.31781912,0.75874007,0.558034,0.0,0.57703334,0.7602698,0.0051590283,0.05155617,0.07950359,0.53551894
0.48854405,0.24520566,0.72771764,0.26800805,0.11195908,0.0,0.22105154,0.0027984641,0.0,0.0323044,0.4946337,0.42090127,0.6135377,0.0,0.5360355,0.8854665,0.013392566,0.208272,0.085370466,0.050447248
0.17164896,0.31090492,0.43981892,0.24723528,0.40822288,1.0,0.38309276,0.6597571,0.0,0.2630324,0.4919843,0.18508881,0.5298776,0.0,0.35584676,0.5644036,0.009627021,0.03499297,0.31735912,0.7822199
0.46163532,0.3564811,0.6384647,0.2723008,0.11682914,0.0,0.16763958,0.01045476,1.0,0.048351824,0.19619536,0.40814343,0.58044595,0.0,0.50533694,0.6470132,0.07725855,0.041495215,0.039297502,0.77300674
0.6128862,0.53947955,0.19608884,0.2796416,0.09096489,0.0,0.09588392,0.0026576587,0.0,0.070141986,0.32875606,0.2177326,0.619866,0.0,0.5848886,0.53995264,0.26577494,0.08732836,0.07825675,0.056237448
0.8267166,0.49602264,0.09044069,0.29882962,0.46357447,0.0,0.23362233,0.13057214,0.0,0.40452707,0.2984673,0.44115382,0.6377657,0.0,0.46118554,0.6823665,0.004639148,0.07184322,0.06831991,0.091751575
0.42593175,0.38825148,0.03137209,0.30335978,0.49989823,1.0,0.26133725,0.0004422351,1.0,0.25735402,0.293897,0.13604066,0.50240576,0.0,0.18632701,0.47475225,0.034936197,0.12671255,0.046442486,0.70857906
0.3823659,0.48506907,0.59630144,0.30239657,0.1548498,0.0,0.27406883,0.0053813406,1.0,0.05361586,0.33778933,0.471189,0.50345755,0.0,0.6549021,0.7648185,0.012184504,0.08371401,0.14491782,0.30015305
0.48235595,0.4462136,0.24618237,0.29549125,0.5328573,0.0,0.56072253,0.0100202095,0.0,0.75569904,0.5468983,0.69587207,0.5993737,0.0,0.54477453,0.7017781,0.009652342,0.119420715,0.16507408,0.19508587
0.49755335,0.32957417,0.20605797,0.2233925,0.80121803,1.0,0.39048833,0.039884683,1.0,0.85301375,0.5810193,0.69701666,0.5614162,0.0,0.26289147,0.36850473,0.9900399,0.26945177,0.06177072,0.6705589
0.4677908,0.34508926,0.06826595,0.22343192,0.8286419,0.0,0.26433063,0.10477249,1.0,0.8784024,0.52611357,0.3150564,0.5607087,0.0,0.2540646,0.6201703,0.7113327,0.12699427,0.084029414,0.32247782
0.8369205,0.33983693,0.3705364,0.26479587,0.2603801,0.0,0.2622367,0.007919091,1.0,0.1595481,0.2435,0.2606229,0.5737967,0.0,0.31127712,0.68122226,0.19139169,0.09745784,0.19013427,0.08922872
0.8569857,0.42324698,0.36438376,0.32273638,0.46355325,0.0,0.32572508,0.020183405,1.0,0.4278263,0.2650929,0.31286317,0.4670807,0.0,0.40842813,0.4836932,0.009962262,0.08015401,0.44619772,0.11243193
0.7878562,0.42451748,0.36204058,0.3040852,0.52273464,0.0,0.4033792,0.098826356,1.0,0.42381743,0.39827582,0.28023693,0.5369363,0.0,0.32662413,0.5621821,0.085420266,0.057689823,0.1460959,0.18702626
0.78890675,0.29998025,0.13536318,0.28970483,0.3031019,0.0,0.22179715,0.00061958586,1.0,0.14371444,0.72460383,0.18249047,0.5040164,0.0,0.25160778,0.56753075,0.008216844,0.14849412,0.060964875,0.1671445
0.7722725,0.42069188,0.20701432,0.28555253,0.39379996,0.0,0.2606997,0.0030908645,0.0,0.15753782,0.6182662,0.14611748,0.51134384,0.0,0.43101966,0.66885924,0.0035470477,0.12668873,0.11559889,0.05678631
0.8386488,0.33868927,0.29457048,0.24837078,0.61698854,0.0,0.2758778,0.0014350552,0.0,0.60376906,0.64638084,0.17968357,0.46077237,0.0,0.29645714,0.5882984,0.023003729,0.1273217,0.10288938,0.4098525
0.80120224,0.33486247,0.21853848,0.2984388,0.7539605,0.0,0.3761605,0.0077379947,1.0,0.5931749,0.5222304,0.099691875,0.570196,0.0,0.3360384,0.71148676,0.005345773,0.059556026,0.063860424,0.09147144
0.60434854,0.2824967,0.500735,0.27676946,0.48080644,0.0,0.42486468,0.016700123,1.0,0.35432944,0.26238418,0.39321908,0.5863105,0.0,0.4350008,0.75344515,0.06210426,0.04690025,0.25373283,0.7643847
0.40899202,0.23989607,0.5230555,0.2460192,0.077830866,0.0,0.39779747,0.04614118,1.0,0.027343072,0.330302,0.6132014,0.5140035,0.0,0.5322664,0.692214,0.0042295926,0.118053585,0.30758584,0.3312564
0.61618114,0.1527514,0.41566488,0.24549338,0.124135055,0.0,0.31642044,0.0016735093,1.0,0.018578194,0.25042883,0.4807242,0.5987901,0.0,0.3606527,0.5578651,0.009196122,0.09203132,0.5570093,0.78278637
0.85861486,0.5830592,0.44576257,0.28962168,0.21759759,0.0,0.30078605,0.011312106,1.0,0.09922092,0.24515219,0.5016115,0.48597112,0.0,0.39732084,0.44585985,0.31715927,0.11840575,0.23953009,0.44948956
0.30229506,0.12654379,0.6676242,0.28616846,0.08286598,0.0,0.54957,0.017946105,1.0,0.015976595,0.29888088,0.4356518,0.56385595,0.0,0.51506686,0.63214076,0.07318197,0.0450195,0.026732566,0.47451285
0.28063384,0.18260728,0.7669594,0.26965743,0.12341008,0.0,0.5122796,0.001379404,1.0,0.014488348,0.28005236,0.7731089,0.4677567,0.0,0.52117676,0.51766086,0.0015650698,0.05523257,0.18247925,0.6193123
0.6136156,0.10940051,0.5912181,0.2314836,0.070781834,0.0,0.27897373,0.001724509,1.0,0.013251578,0.16429178,0.14399347,0.4914407,0.0,0.5624694,0.6080172,0.030806486,0.053971037,0.07369479,0.33752993
0.60714793,0.3133528,0.27561408,0.2596187,0.15757398,0.0,0.47966653,0.0018543554,1.0,0.03525426,0.2917414,0.51778454,0.42524296,0.0,0.27968165,0.40779278,0.029498124,0.099654414,0.14149725,0.74423057
0.61691463,0.18632533,0.4810743,0.25591907,0.1930221,0.0,0.37917286,0.0011559008,0.0,0.038164005,0.39870933,0.38363063,0.47217265,0.0,0.26858968,0.52070886,0.057831377,0.06180869,0.15549569,0.59676325
0.5501594,0.23185375,0.13945763,0.29693002,0.2839533,0.0,0.22734538,0.007517601,1.0,0.23890437,0.45156765,0.20738581,0.48826343,0.0,0.20910074,0.2793373,0.7039558,0.390398,0.08898759,0.27731302
0.7103546,0.55565214,0.21617556,0.2648971,0.15692529,0.0,0.2932433,0.008933407,1.0,0.036170002,0.14952046,0.3048301,0.50023097,0.0,0.21964845,0.6228628,0.034407888,0.12320588,0.25393286,0.8514737
0.5711507,0.17606269,0.6617141,0.25957862,0.1747341,1.0,0.42825836,0.018665096,1.0,0.038810775,0.38747653,0.3069439,0.59326077,0.0,0.4609029,0.7175842,0.025976636,0.17304145,0.37744632,0.81959236
0.27468684,0.16498923,0.55003715,0.25536504,0.107509926,0.0,0.43975937,0.005509909,1.0,0.01336801,0.12701385,0.42204747,0.4611711,0.0,0.46769956,0.4933711,0.0010974642,0.10043432,0.24978404,0.7798706
0.85639995,0.34562472,0.51300615,0.25337663,0.15992846,0.0,0.28108585,0.005729714,1.0,0.046431325,0.1403209,0.3935352,0.51632977,0.0,0.41377422,0.7423997,0.018819839,0.113554485,0.22039635,0.77146316
0.8108531,0.35813987,0.4168889,0.28602707,0.14536697,0.0,0.35896266,0.0797288,1.0,0.034333527,0.17524816,0.6256091,0.55308104,0.0,0.2666498,0.75232714,0.29101866,0.09790821,0.29505357,0.8012678
0.63870984,0.25494066,0.34304625,0.2846824,0.15911525,0.0,0.2711185,0.035011917,1.0,0.037560444,0.15572748,0.47306633,0.44390765,0.0,0.3270866,0.66447407,0.060892574,0.08690052,0.14302607,0.7912209
0.61196715,0.37048313,0.6430496,0.24772224,0.40203437,0.0,0.51780075,0.0005441489,1.0,0.14441231,0.2787373,0.30822003,0.47013655,0.0,0.42024565,0.49261415,0.15143934,0.12617402,0.061183855,0.45054558
0.48286784,0.21804021,0.36400336,0.24629602,0.4881762,0.0,0.504026,9.916654e-05,1.0,0.1821447,0.28885037,0.27818665,0.4945138,0.0,0.38957414,0.629085,0.046779167,0.15717608,0.15211402,0.4568278
0.39957756,0.20942155,0.33775726,0.24340142,0.32003266,0.0,0.5029224,0.0008899023,1.0,0.05672758,0.26873404,0.18992503,0.5810555,0.0,0.31504142,0.49960655,0.05623622,0.12442488,0.13725491,0.7621863
0.6536545,0.23935673,0.37522846,0.30086112,0.1497517,0.0,0.44364217,0.00097255455,1.0,0.05623016,0.18863536,0.4590771,0.5182364,0.0,0.3384264,0.47165447,0.0025931231,0.13042645,0.21232854,0.80265725
0.82379496,0.25488973,0.4031177,0.26185673,0.2629808,0.0,0.39647222,0.036358077,1.0,0.1051268,0.20961307,0.41478977,0.5143596,0.0,0.15878564,0.63200635,0.036929075,0.16012159,0.15434906,0.7553806
0.8357674,0.25774953,0.45732468,0.24093674,0.19952361,0.0,0.33392695,0.017028453,0.0,0.119175985,0.1409617,0.29390502,0.4828938,0.0,0.22828306,0.64410627,0.07211056,0.19661473,0.1514815,0.8812524
0.63196933,0.21029,0.753848,0.22757156,0.27671897,0.0,0.33506215,0.08399899,0.0,0.15111831,0.15497343,0.3395869,0.48946753,0.0,0.2158284,0.5075179,0.19402191,0.21946254,0.15554444,0.68951505
0.7957732,0.33129865,0.5374013,0.29948476,0.14780736,0.0,0.26378885,0.009821051,1.0,0.021747608,0.33545747,0.5155948,0.49724,0.0,0.25001338,0.71804035,0.016220476,0.082956545,0.32569444,0.71726656
0.45892218,0.16720578,0.4535886,0.26878458,0.27504653,0.0,0.5518774,0.0013405131,0.0,0.062372826,0.32538766,0.14144452,0.4972866,0.0,0.43028513,0.49647522,0.005315005,0.11182003,0.25920516,0.7883918
0.7495145,0.47032914,0.32331103,0.26806155,0.58583665,0.0,0.31541097,0.14757966,1.0,0.345956,0.34954315,0.64652705,0.67368245,0.0,0.37057778,0.7174915,0.0057567274,0.1319255,0.42198116,0.7019826
0.75538814,0.3585526,0.5522114,0.2637896,0.28650722,0.0,0.41028145,0.04255188,1.0,0.10029,0.23898226,0.39117265,0.6464058,0.0,0.29148254,0.6430812,0.009141898,0.04728799,0.22482504,0.7845906
0.7598904,0.284761,0.37971702,0.28262272,0.25559688,0.0,0.41518372,0.0071048597,0.0,0.05081457,0.15907681,0.52671254,0.611941,0.0,0.34220043,0.776525,0.0013383057,0.099521525,0.17231615,0.7318126
0.70860344,0.2953721,0.39517218,0.25697258,0.22268693,0.0,0.4982581,0.001801899,0.0,0.0765298,0.2702586,0.5189538,0.48832324,0.0,0.33441147,0.7589439,0.030619685,0.04490051,0.20407762,0.8174791
0.69079983,0.31990856,0.50956297,0.26119262,0.23407982,0.0,0.47385314,0.0059465095,0.0,0.083721384,0.2307851,0.6317456,0.5471246,0.0,0.28619105,0.74173623,0.0035368742,0.05364614,0.35630003,0.78097314
0.86245215,0.7535281,0.31523028,0.30033046,0.22034185,0.0,0.28324747,0.00097641966,0.0,0.036293324,0.09155152,0.4682292,0.6104437,0.0,0.4204531,0.6739152,0.09607005,0.07814224,0.509999,0.7639265
0.31167147,0.34801462,0.5601124,0.25174534,0.5043543,0.0,0.45815295,0.0052621253,1.0,0.33567312,0.4214865,0.12600026,0.51018506,0.0,0.6799264,0.6090226,0.023220167,0.0767401,0.033335894,0.6066803
0.7160223,0.3861672,0.58011407,0.24063976,0.09407992,0.0,0.3031296,0.41944495,1.0,0.026744124,0.35936365,0.58857113,0.4153612,0.0,0.42632428,0.50871956,0.5445734,0.094691664,0.05511075,0.5149707
0.6840375,0.51294774,0.11939733,0.31489077,0.17304397,0.0,0.27743042,0.00043139604,0.0,0.09572757,0.27446023,0.2123092,0.34083325,0.0,0.17343985,0.2715701,0.14477733,0.066361494,0.043064795,0.18729076
0.6616662,0.303096,0.25641307,0.24038033,0.23829982,0.0,0.42999345,0.0008226097,0.0,0.1243108,0.1944314,0.3884903,0.42569238,0.0,0.27508643,0.35707948,0.21029004,0.22782686,0.1926172,0.6558661
0.6192254,0.25166106,0.5340423,0.3013992,0.35467097,0.0,0.35621652,7.5433934e-05,0.0,0.17788249,0.18489839,0.5251455,0.51648843,0.0,0.2703833,0.5162695,0.17622052,0.1693738,0.088036634,0.7209129
0.3007375,0.36495617,0.05768555,0.26786005,0.5201113,0.0,0.28539073,0.0006531865,1.0,0.29293752,0.33578792,0.4602139,0.59419864,0.0,0.27177638,0.6370641,0.0011256261,0.12945427,0.011740384,0.10245672
0.33788916,0.31010634,0.060322005,0.27303842,0.4920522,0.0,0.2113747,0.0020548953,1.0,0.24659461,0.29736462,0.5106844,0.5599737,0.0,0.26755944,0.60707015,0.025706116,0.121068366,0.012700919,0.08007122
0.22975762,0.2355744,0.07063352,0.27019203,0.6181657,0.0,0.26690766,0.007701731,1.0,0.2976364,0.3312596,0.2604117,0.5765399,0.0,0.27587834,0.6724323,0.00313801,0.05715959,0.015229602,0.13514508
0.25579312,0.2559557,0.04123836,0.23394024,0.50994873,0.0,0.24455531,0.0009330346,1.0,0.29680887,0.26343837,0.32496548,0.55824435,0.0,0.22710381,0.7649267,0.014874936,0.108197786,0.03162758,0.0779509
0.24360496,0.2595522,0.04952351,0.2735696,0.5407799,0.0,0.2741821,0.012557497,1.0,0.29860222,0.29469666,0.22971053,0.5567031,0.0,0.2097699,0.57629555,0.005155014,0.11240875,0.021575103,0.055480335
0.79710716,0.35316733,0.38052484,0.23588851,0.08897752,0.0,0.18303739,0.013518495,0.0,0.01886495,0.2647903,0.5718369,0.45631936,0.0,0.50934213,0.745738,0.011064399,0.054614663,0.14645912,0.23026937
0.7229842,0.32560903,0.5637923,0.24541223,0.16306068,0.0,0.29764572,0.041418195,1.0,0.060005296,0.2184866,0.70767003,0.46690387,0.0,0.46469766,0.49678358,0.1194086,0.08263206,0.05853323,0.72237796
0.85812527,0.5166363,0.28609416,0.39776248,0.10033592,0.0,0.13255893,0.11787787,1.0,0.034081127,0.3021251,0.4002964,0.4988963,0.0,0.54889613,0.61206913,0.046598528,0.04110068,0.08294738,0.078951836
0.85806185,0.4937811,0.15167142,0.45263898,0.09416086,0.0,0.14905667,0.0068563125,0.0,0.03693455,0.24847019,0.5411351,0.48183286,0.0,0.4193909,0.74788916,0.10594415,0.044394743,0.18410459,0.089113
0.8621798,0.628559,0.26851118,0.2588735,0.08120639,0.0,0.14279798,0.0077279108,1.0,0.024316741,0.20758533,0.5611003,0.545048,0.0,0.32398537,0.65053296,0.041155558,0.025074748,0.12931857,0.19950213
